Amount Debited,Source / Destination,Date
20.35,PIZZA NOVA 065,2021/12/09
77.97,SQ JOURNEYS CUISINE INC,2021/12/10
11.3,0883 HOLIDAY PHOTO,2021/12/11
24.15,HARVEYS 0002353 QPS,2021/12/11
211.66,OLD NAVY CA 5462,2021/12/11
47.59,ESSO CIRCLE K,2021/12/11
40.84,TOYS R US 3575,2021/12/11
49.57,WALMART STORE 3054,2021/12/11
52.83,HUDSONS BAY 1523,2021/12/11
83.2,RCSS 1080,2021/12/14
25.96,CDN TIRE STORE 00169,2021/12/18
46.55,CDN TIRE GASBAR 01311,2021/12/18
80.47,WALMART STORE 3054,2021/12/18
47.83,RCSS 1080,2021/12/18
2.26,DOLLARAMA  840,2021/12/18
13.55,CDN TIRE STORE 00169,2021/12/20
10.15,WENDYS,2021/12/21
12.81,WALMART STORE 3054,2021/12/23
12.41,METRO 854,2021/12/24
14.35,THE BEER STORE 2011,2021/12/24
49.12,CDN TIRE GASBAR 01311,2021/12/25
7.33,RABBA MARKET EXPRESS DERR,2021/12/26
28.24,SHOPPERS DRUG MART 07,2021/12/26
89.35,RCSS 1080,2021/12/28
22.88,METRO 854,2021/12/28
77.97,SQ JOURNEYS CUISINE INC,2021/12/29
3.87,TIM HORTONS 1713,2021/12/29
20.0,7ELEVEN 33000,2022/01/01
3.59,METRO 854,2022/01/02
7.1,REXALL PHARMACY 2100,2022/01/02
86.27,RCSS 1080,2022/01/02
59.26,LISGAR WOODS PHARMACY,2022/01/03
62.34,RCSS 1080,2022/01/05
277.84,MEADOWVALE HONDA,2022/01/08
66.76,RCSS 1080,2022/01/08
6.97,WALMART STORE 3054,2022/01/08
35.36,ESSO CIRCLE K,2022/01/08
4.18,METRO  854,2022/01/11
176.73,RCSS 1080,2022/01/12
5.74,TIM HORTONS 2562,2022/01/14
10.61,WENDYS,2022/01/14
51.1,ESSO CIRCLE K,2022/01/20
131.6,RCSS 1080,2022/01/22
11.03,METRO  854,2022/01/22
16.42,PIZZA NOVA 065,2022/01/27
40.0,ESSO CIRCLE K,2022/01/28
2.99,METRO  854,2022/01/30
68.77,RCSS 1080,2022/01/30
62.89,ESSO CIRCLE K,2022/02/03
6.98,METRO  854,2022/02/05
11.72,TIM HORTONS 1713,2022/02/05
120.38,RCSS 1080,2022/02/05
29.22,METRO  854,2022/02/07
47.53,ESSO CIRCLE K,2022/02/09
12.4,CLORE BEAUTY SUPPLY,2022/02/12
63.09,RCSS 1080,2022/02/12
25.96,PITABOSS,2022/02/12
27.43,ESSO CIRCLE K,2022/02/12
5.98,METRO  728,2022/02/12
8.86,METRO  854,2022/02/12
13.51,I HEART BOBA,2022/02/12
13.0,PRESTO DOWNSV PARK STN,2022/02/15
16.42,PIZZA NOVA 065,2022/02/16
57.26,RCSS 1080,2022/02/17
40.84,METRO  854,2022/02/17
6.5,PRESTO DOWNSV PARK STN,2022/02/18
22.5,WALMART STORE 1139,2022/02/18
11.3,WALMART STORE 3054,2022/02/19
1.35,TIM HORTONS 1976,2022/02/19
66.44,RCSS 1080,2022/02/19
32.24,WALMART STORE 1212,2022/02/19
46.25,ESSO CIRCLE K,2022/02/19
18.78,METRO  854,2022/02/23
4.05,DERRY CONVENIENCE,2022/02/23
101.42,RCSS 1080,2022/02/24
34.92,METRO  854,2022/02/26
4.99,METRO  854,2022/02/27
83.79,RCSS 1080,2022/02/27
53.3,ESSO CIRCLE K,2022/03/02
61.18,RCSS 1080,2022/03/05
80.37,KID TO KID,2022/03/05
56.27,ESSO CIRCLE K,2022/03/07
29.96,PIZZA NOVA 065,2022/03/09
350.36,MEADOWVALE HONDA,2022/03/09
135.88,RCSS 1080,2022/03/10
2.99,METRO  854,2022/03/10
18.46,MCDONALDS 29005  QPS,2022/03/10
48.58,TOYS R US 3575,2022/03/11
44.36,DANFORTH FOOD MARKET,2022/03/12
16.94,CLORE BEAUTY SUPPLY,2022/03/12
22.59,TOYS R US 3575,2022/03/12
54.02,ESSO CIRCLE K,2022/03/15
45.19,CDN TIRE STORE 00169,2022/03/15
74.85,WALMART STORE 3054,2022/03/16
9.03,OSMOWS,2022/03/16
19.36,PIZZA NOVA 065,2022/03/16
42.79,RCSS 1080,2022/03/17
118.46,RCSS 1080,2022/03/20
3.59,METRO  854,2022/03/20
40.0,ESSO CIRCLE K,2022/03/24
39.43,RCSS 1080,2022/03/24
46.53,WALMART STORE 3054,2022/03/26
22.43,KID TO KID,2022/03/26
7.9,OLD NAVY CA 5462,2022/03/26
61.35,DANFORTH FOOD MARKET,2022/03/26
6.77,CLORE BEAUTY SUPPLY,2022/03/26
56.6,ESSO CIRCLE K,2022/03/29
112.77,WALMART STORE 1139,2022/03/31
57.63,SQ JOURNEYS CUISINE INC,2022/04/01
20.18,METRO  854,2022/04/01
14.09,TIM HORTONS 1713,2022/04/01
32.5,KID TO KID,2022/04/02
37.84,RCSS 1080,2022/04/03
19.36,PIZZA NOVA 065,2022/04/04
16.0,PPL CREDIT VALLEY HOSP,2022/04/06
8.5,DERRY CONVENIENCE,2022/04/06
11.48,TIM HORTONS 2891,2022/04/06
24.22,Subway 36139,2022/04/07
28.65,TIM HORTONS 2891,2022/04/07
13.53,HARVEYS 0002353 QPS,2022/04/08
10.0,SODASNACK VENDING CANSD,2022/04/08
3.99,METRO  854,2022/04/08
18.05,HAKKA LEGEND ASIAN CUI,2022/04/08
13.72,SECOND CUP  9506,2022/04/08
38.0,THP  CREDIT VALLEY HO,2022/04/08
11.04,TIM HORTONS 2891,2022/04/08
387.72,WALMART STORE 3054,2022/04/09
17.72,SHOPPERS DRUG MART 0779,2022/04/09
16.0,THP  CREDIT VALLEY HO,2022/04/09
5.93,YOUR DOLLAR STORE WITH MO,2022/04/09
61.86,ESSO CIRCLE K,2022/04/11
167.77,RCSS 1080,2022/04/11
5.0,AUTO SPA  MISSISSAUGA,2022/04/11
84.71,RCSS 1080,2022/04/12
8.29,RCSS 1080,2022/04/13
60.989999999999995,SWISS CHALET 1109,2022/04/16
34.79,METRO  728,2022/04/16
44.16,RCSS 1080,2022/04/16
62.54,METRO  854,2022/04/18
33.46,ESSO CIRCLE K,2022/04/19
64.92,WALMART STORE 3054,2022/04/19
9.04,METRO  854,2022/04/19
45.74,RCSS 1080,2022/04/20
6.78,DOLLARAMA  840,2022/04/21
17.88,BULK BARN 545 MISSISSA,2022/04/21
16.93,SALLY BEAUTY 5547,2022/04/21
10.7,Subway 15423,2022/04/21
50.4,3402  CARTERSOSHKOSH,2022/04/21
29.37,REXALL PHARMACY 2100,2022/04/22
29.42,METRO  728,2022/04/22
41.95,KID TO KID,2022/04/24
93.24,RCSS 1080,2022/04/25
13.55,REXALL PHARMACY 2100,2022/04/26
7.86,HUDSONS BAY 1523,2022/04/26
16.68,BULK BARN 545 MISSISSA,2022/04/26
4.52,DOLLARAMA  840,2022/04/26
15.1,WALMART STORE 3054,2022/04/26
38.57,METRO  854,2022/04/26
60.44,WALMART STORE 3054,2022/04/27
18.08,LOBLAW 1011,2022/04/28
28.95,METRO  854,2022/04/29
400.0,SPEEDY GLASS 8043,2022/05/02
26.21,UBER CANADA,2022/05/02
14.68,REXALL PHARMACY 2100,2022/05/03
92.06,RCSS 1080,2022/05/03
22.57,BULK BARN 545 MISSISSA,2022/05/03
12.37,METRO  854,2022/05/03
16.94,CLORE BEAUTY SUPPLY,2022/05/06
204.72,RCSS 1080,2022/05/08
18.04,METRO  854,2022/05/10
195.44,LOBLAW 1011,2022/05/11
26.78,METRO  854,2022/05/11
62.62,RCSS 1080,2022/05/13
22.48,BULK BARN 545 MISSISSA,2022/05/13
2.59,HUSKY AIMCO 4882,2022/05/14
22.69,METRO  854,2022/05/17
18.07,REXALL PHARMACY 2100,2022/05/18
19.42,RCSS 1080,2022/05/18
22.59,WINNERSHOMESENSE 361158,2022/05/20
11.3,DOLLARAMA  840,2022/05/20
60.02,ESSO CIRCLE K,2022/05/20
122.5,RCSS 1080,2022/05/20
39.53,REXALL PHARMACY 2100,2022/05/21
20.0,RCSS 1080,2022/05/22
40.68,BATH AND BODY WORKS ,2022/05/22
13.95,METRO  854,2022/05/22
25.0,RCSS 1080,2022/05/25
12.7,METRO  854,2022/05/26
12.4,BULK BARN 476 MISSISS,2022/05/26
10.39,Subway 13326,2022/05/26
11.28,WALMART STORE 3054,2022/05/26
36.13,HUDSONS BAY 1523,2022/05/26
11.27,WALMART STORE 3054,2022/05/27
195.46,RCSS 1080,2022/05/27
22.59,CDN TIRE STORE 00169,2022/05/27
5.65,METRO  854,2022/05/27
18.07,823 PARTY CITY,2022/05/27
1.13,DOLLARAMA  840,2022/05/28
11.24,CHARLIES WEST,2022/05/28
33.26,MASTERMIND HURONTARIO,2022/05/28
36.18,WALMART STORE 3054,2022/05/28
69.41,ESSO CIRCLE K,2022/05/29
29.81,LOBLAW 1011,2022/05/29
12.98,BK 15365,2022/05/30
9.03,OSMOWS,2022/05/31
16.42,PIZZA NOVA 065,2022/05/31
10.83,BULK BARN 545 MISSISSA,2022/05/31
44.94,KID TO KID,2022/05/31
7.0,TIM HORTONS 3253,2022/06/01
21.55,RCSS 1080,2022/06/01
56.49,SHOE COMPANY  287,2022/06/02
56.49,DSW 502,2022/06/02
33.81,METRO  854,2022/06/03
102.29,RCSS 1080,2022/06/03
10.37,BASKIN ROBBINS  340517 ,2022/06/04
143.21,RCSS 1080,2022/06/06
69.79,ESSO CIRCLE K,2022/06/07
16.79,METRO  854,2022/06/07
14.13,RCSS 1080,2022/06/07
45.19,TOYS R US 3575,2022/06/10
3.66,METRO  854,2022/06/10
17.29,KID TO KID,2022/06/11
22.37,BATH AND BODY WORKS 6,2022/06/11
13.55,BK 15365,2022/06/11
80.0,TOYS R US 3575,2022/06/12
8.45,TIM HORTONS 3253,2022/06/13
10.129999999999999,TIM HORTONS 3253,2022/06/15
63.32,METRO  854,2022/06/16
16.68,RCSS 1080,2022/06/17
15.81,SHOPPERS DRUG MART 0779,2022/06/17
15.04,METRO  854,2022/06/17
66.09,ESSO CIRCLE K,2022/06/18
45.19,180 MARKS,2022/06/19
5.85,METRO  854,2022/06/19
5.65,TORONTO DON VALLEY HOTEL,2022/06/20
36.03,NOFRILLS TOMMICHELLE,2022/06/24
60.65,RCSS 1080,2022/06/24
15.94,BULK BARN 545 MISSISSA,2022/06/24
53.52,KID TO KID,2022/06/25
19.14,WALMART STORE 3054,2022/06/25
21.720000000000002,PIZZA NOVA 065,2022/06/27
161.88,RCSS 1080,2022/06/27
7.11,Subway 55747,2022/06/27
35.0,ESSO CIRCLE K,2022/06/28
16.0,TORONTO PARKING AUTHOR,2022/06/28
27.6,WALMART STORE 3054,2022/06/30
93.27,RCSS 1080,2022/06/30
22.34,METRO  854,2022/06/30
52.09,ESSO CIRCLE K,2022/07/02
3.13,TIM HORTONS 2536,2022/07/02
45.43,BIG SMOKE BURGER NIAGA,2022/07/02
5.65,TORONTO DON VALLEY HOTEL,2022/07/05
30.49,RCSS 1080,2022/07/05
35.43,METRO  854,2022/07/05
7.49,METRO  854,2022/07/06
3.76,TIM HORTONS 3253,2022/07/07
27.27,RCSS 1080,2022/07/07
60.81,ESSO CIRCLE K,2022/07/07
5.05,METRO  854,2022/07/09
18.7,METRO  854,2022/07/11
49.15,RCSS 1080,2022/07/14
10.82,TIM HORTONS 3335,2022/07/15
41.55,METRO  854,2022/07/15
14.01,I HEART BOBA,2022/07/16
2.14,SALLY BEAUTY 5547,2022/07/16
183.44,RCSS 1080,2022/07/16
48.99,ESSO CIRCLE K,2022/07/16
39.54,STAPLES227,2022/07/16
139.44,LOBLAW 1011,2022/07/18
39.54,MARSHALLS 661,2022/07/19
122.0,OLD NAVY CA 5462,2022/07/19
11.86,Subway 13326,2022/07/19
42.38,BIG SMOKE BURGER,2022/07/24
15.0,SQ FAB FACES BY FIONNA,2022/07/24
28.24,WINNERSHOMESENSE 361158,2022/07/25
39.86,ESSO CIRCLE K,2022/07/25
23.94,SHOPPERS DRUG MART 0779,2022/07/25
25.06,WALMART STORE 3054,2022/07/25
20.32,METRO  854,2022/07/26
56.48,HUDSONS BAY 1523,2022/07/27
33.56,KID TO KID,2022/07/27
27.53,METRO  854,2022/07/29
33.29,PITABOSS,2022/07/30
49.69,RCSS 1080,2022/08/01
16.66,METRO  854,2022/08/02
80.83,RCSS 1080,2022/08/03
21.67,METRO  854,2022/08/05
15.0,SQ MJ CATERING,2022/08/06
20.75,SQ ONTARIO CORN ROASTERS,2022/08/06
10.0,TICKETPRO 8889050070,2022/08/06
14.69,Funnel Cake Express,2022/08/07
15.39,METRO  854,2022/08/07
47.63,ESSO CIRCLE K,2022/08/07
66.39,RCSS 1080,2022/08/09
17.22,DOLLARAMA  840,2022/08/09
9.23,RCSS 1080,2022/08/11
6.5,TORONTO DON VALLEY HOTEL,2022/08/11
6.98,TIM HORTONS 3253,2022/08/11
36.2,METRO  854,2022/08/12
21.0,SQ PALMA PASTA CORP,2022/08/13
14.0,SQ FESTIVAL FOOD INC,2022/08/13
10.53,RCSS 1080,2022/08/13
9.03,NOFRILLS TOMMICHELLE,2022/08/14
23.63,PIZZA NOVA 065,2022/08/16
32.43,RCSS 1080,2022/08/16
63.29,WALMART STORE 3054,2022/08/16
48.32,ESSO CIRCLE K,2022/08/17
6.98,TIM HORTONS 3253,2022/08/18
45.76,SQ JOURNEYS CUISINE INC,2022/08/18
61.77,LOBLAW RCSS 1080,2022/08/18
24.98,METRO  854,2022/08/19
2.92,TIM HORTONS 4365,2022/08/20
12.29,BULK BARN 545 MISSISSA,2022/08/21
6.98,TIM HORTONS 1405,2022/08/22
36.3,ESSO CIRCLE K,2022/08/22
113.89,RCSS 1080,2022/08/23
6.98,TIM HORTONS 3253,2022/08/24
5.65,TORONTO DON VALLEY HOTEL,2022/08/24
15.99,METRO  854,2022/08/25
8.24,Subway 15423,2022/08/25
9.73,BULK BARN 545 MISSISSA,2022/08/25
65.08,RCSS 1080,2022/08/25
9.59,RCSS 1080,2022/08/26
35.0,BRADFORD HUSKY TC,2022/08/26
32.620000000000005,BK 24865,2022/08/26
21.04,COLLINS VALUMART 832,2022/08/27
5.0,GYPSY WHOLE FOODS WAREHOU,2022/08/27
19.5,LCBORAO 0232,2022/08/27
9.69,TIM HORTONS 3640,2022/08/29
49.13,ESSO CIRCLE K,2022/08/29
69.22,WALMART STORE 3054,2022/08/29
14.83,METRO  854,2022/08/30
31.08,PHO MI 289 VIETNAMESE RES,2022/08/31
64.44,RCSS 1080,2022/09/02
23.88,CHARLIES WEST,2022/09/03
7.25,MANILA BAKERYVARIETY,2022/09/03
58.0,DANFORTH FOOD MARKET,2022/09/03
16.94,CLORE BEAUTY SUPPLY,2022/09/03
58.45,RCSS 1080,2022/09/06
24.56,METRO  854,2022/09/06
40.69,ESSO CIRCLE K,2022/09/07
6.53,TIM HORTONS 3253,2022/09/07
2.0,AIR SERV A PS606645,2022/09/07
16.91,Subway 23972,2022/09/09
7.1,POPEYES 11615,2022/09/09
41.56,WALMART STORE 3054,2022/09/12
122.29,RCSS 1080,2022/09/12
11.52,Subway 13326,2022/09/13
2.92,TIM HORTONS 2987,2022/09/13
40.25,WALMART STORE 3054,2022/09/13
79.35,KID TO KID,2022/09/13
34.37,METRO  854,2022/09/15
136.72,RCSS 1080,2022/09/15
27.66,CDN TIRE STORE 00169,2022/09/17
47.98,ESSO CIRCLE K,2022/09/18
158.07999999999998,RCSS 1080,2022/09/18
5.0,AIR SERV V PS606646,2022/09/18
18.34,PIZZA NOVA 065,2022/09/22
84.07,RCSS 1080,2022/09/22
48.22,ESSO CIRCLE K,2022/09/23
14.22,POPEYES 11615,2022/09/23
52.03,STAPLES227,2022/09/24
43.46,NOFRILLS TOMMICHELLES ,2022/09/25
55.0,DR JULIE COSTANZA,2022/09/26
1.59,METRO  854,2022/09/27
45.0,TOTAL HEALTH  FAMILY CAR,2022/09/27
29.24,DANFORTH FOOD MARKET,2022/09/27
50.0,DR JULIE COSTANZA,2022/09/27
25.14,MINHA HALAL MEAT,2022/09/28
49.75,RCSS 1080,2022/09/28
50.84,BEST BUY 622,2022/10/01
31.08,BATH AND BODY WORKS 6,2022/10/01
17.85,3665 CARTERSOSHKOSH,2022/10/01
48.23,ESSO CIRCLE K,2022/10/01
45.02,RCSS 1080,2022/10/02
113.16,LONGOS  2,2022/10/02
22.59,RCSS W CHURCHILL TMS 1,2022/10/02
39.52,WALMART STORE 1211,2022/10/04
14.67,MARSHALLS 661,2022/10/04
45.0,TOTAL HEALTH  FAMILY CAR,2022/10/05
12.98,OSMOWS,2022/10/05
6.5,DOLLARAMA  840,2022/10/06
20.25,MINHA HALAL MEAT,2022/10/06
13.53,TOYS R US 3575,2022/10/06
7.22,BULK BARN 545 MISSISSA,2022/10/06
11.18,Subway 23972,2022/10/06
172.76,RCSS 1080,2022/10/06
3.13,TIM HORTONS 1713,2022/10/06
45.0,TOTAL HEALTH  FAMILY CAR,2022/10/07
5.0,MANILA BAKERYVARIETY,2022/10/07
5.66,LOBLAW RCSS 1080,2022/10/08
5.0,METRO  854,2022/10/08
15.94,BIG SMOKE BURGER,2022/10/08
11.86,CINNABON,2022/10/08
19.21,GRACE HAIR DESIGN AND BEA,2022/10/08
52.28,ESSO CIRCLE K,2022/10/09
9.04,TORONTO DON VALLEY HOTEL,2022/10/12
33.71,RCSS 1080,2022/10/13
3.0,TORONTO DON VALLEY HOTEL,2022/10/13
44.5,METRO  854,2022/10/14
20.95,BULK BARN 545 MISSISSA,2022/10/14
50.0,ESSO CIRCLE K,2022/10/15
23.1,3402  CARTERSOSHKOSH,2022/10/15
8.12,SALLY BEAUTY 5547,2022/10/15
116.3,RCSS 1080,2022/10/17
30.49,REXALL PHARMACY 2100,2022/10/17
24.79,WALMART STORE 3054,2022/10/18
39.54,REXALL PHARMACY 2100,2022/10/18
19.02,METRO  854,2022/10/20
22.08,PIZZA NOVA 065,2022/10/20
44.81,RCSS 1080,2022/10/20
47.29,MACS CONVENIENCE STORE,2022/10/21
15.82,HUDSONS BAY 1523,2022/10/22
9.22,BULK BARN 545 MISSISSA,2022/10/22
11.63,Subway 15423,2022/10/22
62.13,WINNERSHOMESENSE 361158,2022/10/23
112.97,RCSS 1080,2022/10/23
74.21,KID TO KID,2022/10/24
86.49,RCSS 1080,2022/10/25
20.25,METRO  854,2022/10/25
64.97,LOBLAW RCSS 1080,2022/10/26
46.12,ESSO CIRCLE K,2022/10/27
28.86,METRO  854,2022/10/28
24.49,BK 10100,2022/10/29
90.16,RCSS 1080,2022/10/30
17.71,METRO  854,2022/11/01
28.57,RCSS 1080,2022/11/01
42.24,KID TO KID,2022/11/02
17.85,3626  CARTERSOSHKOSH,2022/11/02
50.57,ESSO CIRCLE K,2022/11/03
12.98,METRO  854,2022/11/04
118.38,RCSS 1080,2022/11/04
20.06,METRO  854,2022/11/05
67.54,LOBLAW RCSS 1080,2022/11/06
16.6,PIZZA NOVA 065,2022/11/07
22.93,METRO  854,2022/11/08
117.21,RCSS 1080,2022/11/08
24.92,HARVEYS 0002353 QPS,2022/11/09
167.0,BLUERIDGE OMS XXXXXXXX,2022/11/09
32.83,ESSO CIRCLE K,2022/11/09
14.13,METRO  854,2022/11/11
11.29,BULK BARN 545 MISSISSA,2022/11/11
25.2,3665 CARTERSOSHKOSH,2022/11/12
12.11,SHANGHAI 360,2022/11/12
20.91,CLAIRES 2587,2022/11/12
6.47,CINNABON,2022/11/12
26.25,WALMART STORE 3055,2022/11/12
7.33,Subway 25330,2022/11/12
155.79,RCSS 1080,2022/11/13
6.65,METRO  854,2022/11/14
45.24,DOLLARAMA  840,2022/11/15
20.5,METRO  854,2022/11/15
45.0,ESSO CIRCLE K,2022/11/16
15.8,THAI EXPRESS HAI018,2022/11/18
5.59,STARBUCKS 16201,2022/11/18
57.89,KID TO KID,2022/11/19
23.71,CLORE BEAUTY SUPPLY,2022/11/19
1.56,TIM HORTONS 2562,2022/11/21
10.15,TIM HORTONS 3253,2022/11/21
31.59,CDN TIRE STORE 00169,2022/11/21
79.24,RCSS 1080,2022/11/22
131.76,RCSS 1080,2022/11/23
49.2,ESSO CIRCLE K,2022/11/25
23.16,METRO  854,2022/11/25
39.38,METRO  854,2022/11/27
27.12,WINNERSHOMESENSE 361158,2022/11/27
27.45,REXALL PHARMACY 2100,2022/11/27
252.10999999999999,RCSS 1080,2022/11/27
126.7,RCSS 1080,2022/11/30
56.49,MARSHALLS 661,2022/11/30
250.0,ESSO CIRCLE K,2022/12/01
16.6,PIZZA NOVA 065,2022/12/01
15.09,METRO  854,2022/12/02
18.64,METRO  854,2022/12/05
17.1,METRO  854,2022/12/06
22.91,RCSS 1080,2022/12/08
16.6,PIZZA NOVA 065,2022/12/09
27.42,WALMART STORE 3054,2022/12/11
43.22,DOLLARAMA  840,2022/12/11
46.11,ESSO CIRCLE K,2022/12/11
19.05,METRO  854,2022/12/11
111.7,180 MARKS,2022/12/12
61.7,RCSS 1080,2022/12/13
15.82,ESSO CIRCLE K,2022/12/13
114.97,RCSS 1080,2022/12/15
1.99,LOBLAW RCSS 1080,2022/12/15
15.36,RCSS 1080,2022/12/16
14.67,POPEYES 11615,2022/12/16
14.65,THE BEER STORE 2011,2022/12/16
48.58,TOYS R US 3575,2022/12/17
12.33,3402  CARTERSOSHKOSH,2022/12/17
39.72,WALMART STORE 3054,2022/12/17
67.77,MARSHALLS 661,2022/12/17
146.27,RCSS 1080,2022/12/17
28.24,WINNERSHOMESENSE 361158,2022/12/17
71.03,RCSS 1080,2022/12/19
49.09,MINHA HALAL MEAT,2022/12/21
45.4,ESSO CIRCLE K,2022/12/22
19.54,PIZZA NOVA 065,2022/12/22
26.61,METRO  854,2022/12/23
28.59,MINHA HALAL MEAT,2022/12/23
7.59,LOBLAW RCSS 1080,2022/12/24
53.37,180 MARKS,2022/12/26
36.14,CDN TIRE STORE 00169,2022/12/26
66.45,MAC Square One Shoppin,2022/12/26
50.05,OLD NAVY CA 5461,2022/12/26
66.68,RCSS 1080,2022/12/27
12.27,METRO  854,2022/12/28
9.55,METRO  854,2022/12/30
17.01,RCSS 1080,2022/12/30
2.0,MEADOWVALE LIBRARY BRANCH,2022/12/31
78.24,RCSS 1080,2023/01/02
14.58,METRO  854,2023/01/02
39.86,RCSS 1080,2023/01/03
15.0,ESSO CIRCLE K,2023/01/03
6.82,METRO  854,2023/01/04
18.65,YOUR DOLLAR STORE WITH MO,2023/01/04
17.22,RCSS 1080,2023/01/05
33.39,METRO  854,2023/01/06
40.0,ESSO CIRCLE K,2023/01/07
56.5,Uniqlo Canada POSCASQ1,2023/01/07
1.13,DOLLARAMA  840,2023/01/07
146.32,LOBLAW RCSS 1080,2023/01/07
6.8,METRO  854,2023/01/09
69.66,RCSS 1080,2023/01/09
19.82,PIZZA NOVA 065,2023/01/10
27.42,METRO  854,2023/01/11
15.93,METRO  854,2023/01/12
42.99,METRO  854,2023/01/13
25.0,ESSO CIRCLE K,2023/01/14
31.46,DANFORTH FOOD MARKET,2023/01/14
133.83,WALMART STORE 3054,2023/01/14
180.18,LOBLAW RCSS 1080,2023/01/15
13.56,WATCH WORKS,2023/01/15
9.92,TIM HORTONS 4881,2023/01/16
20.52,METRO  854,2023/01/17
15.26,DOLLARAMA  840,2023/01/19
11.1,RCSS 1080,2023/01/19
29.59,ESSO CIRCLE K,2023/01/19
10.04,METRO  854,2023/01/20
78.87,LOBLAW RCSS 1080,2023/01/21
6.28,WISLA DELICATESSEN,2023/01/21
31.78,METRO  854,2023/01/22
33.65,CDN TIRE STORE 00169,2023/01/22
9.71,METRO  854,2023/01/23
52.9,ESSO CIRCLE K,2023/01/24
19.82,PIZZA NOVA 065,2023/01/25
34.84,RCSS 1080,2023/01/26
13.53,METRO  854,2023/01/27
133.97,RCSS 1080,2023/01/28
130.77,RCSS 1080,2023/01/29
8.48,DOLLARAMA  840,2023/01/29
2.0,AIR SERV A PS606518,2023/01/30
14.49,RCSS 1080,2023/02/01
37.32,RCSS 1080,2023/02/02
139.57,RCSS 1080,2023/02/03
84.93,VALERIOS,2023/02/05
60.33,RCSS 1080,2023/02/05
29.74,METRO  854,2023/02/05
16.83,PIZZA NOVA 065,2023/02/07
60.44,RCSS 1080,2023/02/08
18.02,METRO  854,2023/02/10
105.28,RCSS 1080,2023/02/11
145.09,RCSS 1080,2023/02/12
63.25,METRO  854,2023/02/14
31.49,RCSS 1080,2023/02/15
45.4,ESSO CIRCLE K,2023/02/15
30.23,HARVEYS 0002353 QPS,2023/02/16
36.34,METRO  854,2023/02/17
59.97,WALMART STORE 3054,2023/02/18
17.93,PIER 87 FISH MARKET  GRI,2023/02/18
28.0,MOXIES CLASSIC GRILL,2023/02/18
22.48,UNCLE TETSU SQUARE ONE IN,2023/02/18
42.54,CHINA CHINA PALACE,2023/02/19
62.62,RCSS 1080,2023/02/21
7.76,METRO  854,2023/02/22
5.07,REXALL PHARMACY 2100,2023/02/22
35.79,SHOPPERS DRUG MART 0779,2023/02/23
19.71,METRO  854,2023/02/24
13.55,GOOGLE SERVICES,2023/02/28
34.82,RCSS 1080,2023/03/01
33.38,RCSS 1080,2023/03/03
13.36,METRO  854,2023/03/03
33.99,CHARLIES WEST,2023/03/04
36.18,DANFORTH FOOD MARKET,2023/03/04
37.23,CLORE BEAUTY SUPPLY,2023/03/04
12.27,WALMART STORE 3054,2023/03/05
3.49,METRO  854,2023/03/05
48.97,ESSO CIRCLE K,2023/03/06
13.84,RCSS 1080,2023/03/06
59.97,WALMART STORE 3054,2023/03/06
9.49,METRO  854,2023/03/07
16.83,PIZZA NOVA 065,2023/03/08
41.99,RCSS 1080,2023/03/08
5.98,METRO  854,2023/03/08
26.13,METRO  854,2023/03/10
15.9,DOLLED UP CUPCAKES,2023/03/10
19.21,DOLLARAMA  840,2023/03/12
20.96,RCSS 1080,2023/03/14
16.83,PIZZA NOVA 065,2023/03/14
10.06,METRO  854,2023/03/14
10.7,WALMART STORE 3054,2023/03/16
17.59,RCSS 1080,2023/03/17
16.08,METRO  854,2023/03/17
35.48,BIG SMOKE BURGER,2023/03/18
40.5,ESSO CIRCLE K,2023/03/18
21.28,METRO  854,2023/03/19
174.53,RCSS 1080,2023/03/19
12.06,KID TO KID,2023/03/19
19.19,816 PARTY CITY,2023/03/19
14.21,WALMART STORE 3054,2023/03/21
13.55,SHOPPERS DRUG MART 0779,2023/03/22
39.84,METRO  854,2023/03/23
17.8,HERITAGE FISH AND CHIP,2023/03/24
21.0,METRO  854,2023/03/24
16.48,RCSS 1080,2023/03/25
8.33,Subway 23972,2023/03/25
30.0,ESSO CIRCLE K,2023/03/25
65.94,CARTERS 3626,2023/03/25
57.83,DANFORTH FOOD MARKET,2023/03/25
34.99,CHARLIES WEST,2023/03/25
11.030000000000001,FRENCH CORNER PATISSER,2023/03/25
5.0,STAPLES227,2023/03/26
47.45,OLD NAVY CA 5462,2023/03/26
22.58,WALMART STORE 1211,2023/03/26
99.21000000000001,METRO  854,2023/03/27
82.51,WALMART STORE 3054,2023/03/29
71.16,RCSS 1080,2023/03/29
5.0,STAPLES227,2023/03/29
16.83,PIZZA NOVA 065,2023/03/30
15.24,Subway 55747,2023/03/30
13.55,GOOGLE SERVICES,2023/03/30
17.6,METRO  854,2023/03/31
39.99,ESSO CIRCLE K,2023/03/31
73.91,KID TO KID,2023/04/01
205.09,RCSS 1080,2023/04/01
3.1,DOLLARAMA  840,2023/04/01
128.97,RCSS 1080,2023/04/02
3.86,METRO  854,2023/04/02
54.23,180 MARKS,2023/04/04
25.0,ESSO CIRCLE K,2023/04/04
18.05,METRO  854,2023/04/06
16.83,PIZZA NOVA 065,2023/04/06
151.48,GRILL CITY  MISSISSAU,2023/04/08
30.41,METRO  854,2023/04/08
40.0,ESSO CIRCLE K,2023/04/08
85.75,WALMART STORE 3054,2023/04/08
61.66,816 PARTY CITY,2023/04/08
17.5,REXALL PHARMACY 2100,2023/04/08
12.42,OSMOWS,2023/04/08
24.25,CDN TIRE STORE 00169,2023/04/10
418.07,MEADOWVALE HONDA,2023/04/10
10.09,RCSS 1077,2023/04/11
86.48,LOBLAW RCSS 1080,2023/04/12
17.65,RCSS 1080,2023/04/12
46.42,METRO  854,2023/04/12
30.0,ESSO CIRCLE K,2023/04/13
15.8,RCSS 1077,2023/04/13
16.83,PIZZA NOVA 065,2023/04/14
62.64,LONGOS  8,2023/04/15
81.33,CDN TIRE STORE 00169,2023/04/16
88.87,RCSS 1080,2023/04/16
34.74,RCSS 1080,2023/04/17
56.59,ESSO CIRCLE K,2023/04/19
37.89,METRO  854,2023/04/20
179.44,RCSS 1080,2023/04/20
19.2,WINNERSHOMESENSE 361158,2023/04/22
43.05,RCSS 1080,2023/04/22
48.09,METRO  854,2023/04/23
70.6,RCSS 1080,2023/04/23
9.82,SALLY BEAUTY 5547,2023/04/23
9.61,DOLLARAMA  840,2023/04/23
50.34,METRO  854,2023/04/25
43.77,RCSS 1080,2023/04/26
11.97,Subway 23972,2023/04/26
24.85,METRO  854,2023/04/27
113.0,DRL DE BOLSTER MEDICINE,2023/04/28
38.42,BATH  BODY WORKS CAN,2023/04/29
15.58,NYF 3241,2023/04/29
25.93,GARAGE 111,2023/04/29
27.12,BULK BARN 545 MISSISSA,2023/04/30
106.75,LOBLAW RCSS 1080,2023/04/30
13.55,GOOGLE SERVICES,2023/04/30
72.82,RCSS 1080,2023/05/01
49.22,ESSO CIRCLE K,2023/05/01
22.92,PIZZA NOVA 065,2023/05/03
79.09,BEST BUY 622,2023/05/04
27.94,METRO  854,2023/05/05
15.58,Subway 23972,2023/05/05
8.48,DOLLED UP CUPCAKES,2023/05/05
52.44,RCSS 1080,2023/05/06
200.01,HUDSONS BAY 1523,2023/05/06
75.34,FOX  JOHNS PUB  RESTAU,2023/05/06
12.59,INDIGO 411,2023/05/07
60.4,METRO  854,2023/05/07
12.15,DOLLARAMA  840,2023/05/07
45.87,ESSO CIRCLE K,2023/05/08
38.61,RCSS 1080,2023/05/08
81.32,METRO  854,2023/05/09
22.92,PIZZA NOVA 065,2023/05/10
15.57,METRO  854,2023/05/10
122.02,GRILL CITY  MISSISSAU,2023/05/12
111.87,SQ JOURNEYS CUISINE INC,2023/05/12
33.64,METRO  854,2023/05/13
36.15,TOYS R US 3575,2023/05/14
163.7,RCSS 1080,2023/05/14
12.98,METRO  854,2023/05/15
32.7,ESSO CIRCLE K,2023/05/15
30.89,PIZZA NOVA 065,2023/05/16
104.6,METRO  854,2023/05/17
107.38,Trezorio order 168440535,2023/05/18
16.49,METRO  854,2023/05/18
36.94,ESSO CIRCLE K,2023/05/18
38.96,LOBLAW RCSS 1080,2023/05/18
22.58,UPSWEB COD,2023/05/19
59.83,METRO  854,2023/05/19
2.0,GOOGLE SERVICES,2023/05/19
43.1,ESSO CIRCLE K,2023/05/23
71.97999999999999,RCSS 1080,2023/05/25
16.7,LISGAR WOODS PHARMACY,2023/05/25
54.1,METRO  854,2023/05/26
111.02000000000001,RCSS 1080,2023/05/29
